Kiley,Caldarera,Feiner Bros,25 E 75th St #69,Los Angeles,90034,55,310-498-5651,310-254-3084,kiley.caldarera@aol.com,http://www.feinerbros.com
Kanisha,Waycott,"Schroer, Gene E Esq",5 Tomahawk Dr,Los Angeles,90006,25,323-453-2780,323-315-7314,kanisha_waycott@yahoo.com,http://www.schroergeneeesq.com
Shenika,Seewald,East Coast Marketing,4 Otis St,Van Nuys,91405,12,818-423-4007,818-749-8650,shenika@gmail.com,http://www.eastcoastmarketing.com
Stephaine,Barfield,Beutelschies & Company,47154 Whipple Ave Nw,Gardena,90247,55,310-774-7643,310-968-1219,stephaine@barfield.com,http://www.beutelschiescompany.com
Cory,Gibes,Chinese Translation Resources,83649 W Belmont Ave,San Gabriel,91776,11,626-572-1096,626-696-2777,cory.gibes@gmail.com,http://www.chinesetranslationresources.com
Chau,Kitzman,"Benoff, Edward Esq",429 Tiger Ln,Beverly Hills,90212,12,310-560-8022,310-969-7230,chau@gmail.com,http://www.benoffedwardesq.com
Benton,Skursky,Nercon Engineering & Mfg Inc,47939 Porter Ave,Gardena,90248,33,310-579-2907,310-694-8466,benton.skursky@aol.com,http://www.nerconengineeringmfginc.com
Viola,Bitsuie,Burton & Davis,70 Mechanic St,Northridge,91325,12,818-864-4875,818-481-5787,viola@gmail.com,http://www.burtondavis.com
Rima,Bevelacqua,Mcauley Mfg Co,2972 Lafayette Ave,Gardena,90248,33,310-858-5079,310-499-4200,rima@cox.net,http://www.mcauleymfgco.com
Tiera,Frankel,Roland Ashcroft,87 Sierra Rd,El Monte,91731,11,626-636-4117,626-638-4241,tfrankel@aol.com,http://www.rolandashcroft.com
Filiberto,Tawil,"Flash, Elena Salerno Esq",3882 W Congress St #799,Los Angeles,90016,43,323-765-2528,323-842-8226,ftawil@hotmail.com,http://www.flashelenasalernoesq.com
Justine,Ferrario,Newhart Foods Inc,48 Stratford Ave,Pomona,91768,8,909-993-3242,909-631-5703,jferrario@hotmail.com,http://www.newhartfoodsinc.com
Louvenia,Beech,John Ortiz Nts Therapy Center,598 43rd St,Beverly Hills,90210,55,310-820-2117,310-652-2379,louvenia.beech@beech.com,http://www.johnortizntstherapycenter.com
Lizbeth,Kohl,E T Balancing Co Inc,35433 Blake St #588,Gardena,90248,43,310-699-1222,310-955-5788,lizbeth@yahoo.com,http://www.etbalancingcoinc.com
Staci,Schmaltz,Midwest Contracting & Mfg Inc,18 Coronado Ave #563,Pasadena,91106,21,626-866-2339,626-293-7678,staci_schmaltz@aol.com,http://www.midwestcontractingmfginc.com
Merissa,Tomblin,One Day Surgery Center Inc,34 Raritan Center Pky,Bellflower,90706,16,562-579-6900,562-719-7922,merissa.tomblin@gmail.com,http://www.onedaysurgerycenterinc.com
Dick,Wenzinger,Wheaton Plastic Products,22 Spruce St #595,Gardena,90248,12,310-510-9713,310-936-2258,dick@yahoo.com,http://www.wheatonplasticproducts.com
Cristal,Samara,Intermed Inc,4119 Metropolitan Dr,Los Angeles,90021,15,213-975-8026,213-696-8004,cristal@cox.net,http://www.intermedinc.com
