Donette,Foller,Printing Dimensions,34 Center St,Hamilton,Butler,45011,11,513-570-1893,513-549-4561,donette.foller@cox.net,http://www.printingdimensions.com
Simona,Morasca,"Chapman, Ross E Esq",3 Mcauley Dr,Ashland,Ashland,44805,14,419-503-2484,419-800-6759,simona@morasca.com,http://www.chapmanrosseesq.com
Graciela,Ruta,Buckley Miller & Wright,98 Connecticut Ave Nw,Chagrin Falls,Geauga,44023,33,440-780-8425,440-579-7763,gruta@cox.net,http://www.buckleymillerwright.com
Ammie,Corrio,"Moskowitz, Barry S",74874 Atlantic Ave,Columbus,Franklin,43215,43,614-801-9788,614-648-3265,ammie@corrio.com,http://www.moskowitzbarrys.com
Tamar,Hoogland,A K Construction Co,2737 Pistorio Rd #9230,London,Madison,43140,19,740-343-8575,740-526-5410,tamar@hotmail.com,http://www.akconstructionco.com
Lettie,Isenhower,"Conte, Christopher A Esq",70 W Main St,Beachwood,Cuyahoga,44122,33,216-657-7668,216-733-8494,lettie_isenhower@yahoo.com,http://www.contechristopheraesq.com
Stephen,Emigh,"Sharp, J Daniel Esq",3777 E Richmond St #900,Akron,Summit,44302,34,330-537-5358,330-700-2312,stephen_emigh@hotmail.com,http://www.sharpjdanielesq.com
Melissa,Wiklund,Moapa Valley Federal Credit Un,61 13 Stoneridge #835,Findlay,Hancock,45840,55,419-939-3613,419-254-4591,melissa@cox.net,http://www.moapavalleyfederalcreditun.com
Laticia,Merced,Alinabal Inc,72 Mannix Dr,Cincinnati,Hamilton,45203,16,513-508-7371,513-418-1566,lmerced@gmail.com,http://www.alinabalinc.com
Claribel,Varriano,Meca,6 Harry L Dr #6327,Perrysburg,Wood,43551,55,419-544-4900,419-573-2033,claribel_varriano@cox.net,http://www.meca.com
Salena,Karpel,Hammill Mfg Co,1 Garfield Ave #7,Canton,Stark,44707,19,330-791-8557,330-618-2579,skarpel@cox.net,http://www.hammillmfgco.com
Rickie,Plumer,Merrill Lynch,3 N Groesbeck Hwy,Toledo,Lucas,43613,55,419-693-1334,419-313-5571,rickie.plumer@aol.com,http://www.merrilllynch.com
Buddy,Cloney,Larkfield Photo,944 Gaither Dr,Strongsville,Cuyahoga,44136,15,440-989-5826,440-327-2093,buddy.cloney@yahoo.com,http://www.larkfieldphoto.com
Kattie,Vonasek,H A C Farm Lines Co Optv Assoc,2845 Boulder Crescent St,Cleveland,Cuyahoga,44103,25,216-923-3715,216-270-9653,kattie@vonasek.org,http://www.hacfarmlinescooptvassoc.com
Adelina,Nabours,Courtyard By Marriott,80 Pittsford Victor Rd #9,Cleveland,Cuyahoga,44103,7,216-230-4892,216-937-5320,adelina_nabours@gmail.com,http://www.courtyardbymarriott.com
Lashawnda,Stuer,"Rodriguez, J Christopher Esq",7422 Martin Ave #8,Toledo,Lucas,43607,11,419-588-8719,419-399-1744,lstuer@cox.net,http://www.rodriguezjchristopheresq.com
Roselle,Estell,Mcglynn Bliss Pc,8116 Mount Vernon Ave,Bucyrus,Crawford,44820,14,419-571-5920,419-488-6648,roselle.estell@hotmail.com,http://www.mcglynnblisspc.com
Margart,Meisel,"Yeates, Arthur L Aia",868 State St #38,Cincinnati,Hamilton,45251,20,513-617-2362,513-747-9603,margart_meisel@yahoo.com,http://www.yeatesarthurlaia.com
Galen,Cantres,Del Charro Apartments,617 Nw 36th Ave,Brook Park,Cuyahoga,44142,15,216-600-6111,216-871-6876,galen@yahoo.com,http://www.delcharroapartments.com
Gertude,Witten,"Thompson, John Randolph Jr",7 Tarrytown Rd,Cincinnati,Hamilton,45217,33,513-977-7043,513-863-9471,gertude.witten@gmail.com,http://www.thompsonjohnrandolphjr.com
Mollie,Mcdoniel,Dock Seal Specialty,8590 Lake Lizzie Dr,Bowling Green,Wood,43402,15,419-975-3182,419-417-4674,mollie_mcdoniel@yahoo.com,http://www.docksealspecialty.com
Hubert,Walthall,"Dee, Deanna",95 Main Ave #2,Barberton,Summit,44203,25,330-903-1345,330-566-8898,hubert@walthall.org,http://www.deedeanna.com
