Gladys,Rim,T M Byxbee Company Pc,322 New Horizon Blvd,Milwaukee,Milwaukee,53207,11,414-661-9598,414-377-2880,gladys.rim@rim.org,http://www.tmbyxbeecompanypc.com
Allene,Iturbide,"Ledecky, David Esq",1 Central Ave,Stevens Point,Portage,54481,15,715-662-6764,715-530-9863,allene_iturbide@cox.net,http://www.ledeckydavidesq.com
Emerson,Bowley,Knights Inn,762 S Main St,Madison,Dane,53711,33,608-336-7444,608-658-7940,emerson.bowley@bowley.org,http://www.knightsinn.com
Maurine,Yglesias,"Schultz, Thomas C Md",59 Shady Ln #53,Milwaukee,Milwaukee,53214,19,414-748-1374,414-573-7719,maurine_yglesias@yglesias.com,http://www.schultzthomascmd.com
Estrella,Samu,Marking Devices Pubg Co,64 Lakeview Ave,Beloit,Rock,53511,33,608-976-7199,608-942-8836,estrella@aol.com,http://www.markingdevicespubgco.com
Daren,Weirather,Panasystems,9 N College Ave #3,Milwaukee,Milwaukee,53216,21,414-959-2540,414-838-3151,dweirather@aol.com,http://www.panasystems.com
Virgina,Tegarden,Berhanu International Foods,755 Harbor Way,Milwaukee,Milwaukee,53226,21,414-214-8697,414-411-5744,virgina_tegarden@tegarden.com,http://www.berhanuinternationalfoods.com
Noah,Kalafatis,Twiggs Abrams Blanchard,1950 5th Ave,Milwaukee,Milwaukee,53209,15,414-263-5287,414-660-9766,noah.kalafatis@aol.com,http://www.twiggsabramsblanchard.com
Kate,Keneipp,"Davis, Maxon R Esq",33 N Michigan Ave,Green Bay,Brown,54301,34,920-353-6377,920-355-1610,kate_keneipp@yahoo.com,http://www.davismaxonresq.com
Cecilia,Colaizzo,Switchcraft Inc,4 Nw 12th St #3849,Madison,Dane,53717,10,608-382-4541,608-302-3387,cecilia_colaizzo@colaizzo.com,http://www.switchcraftinc.com
Janey,Gabisi,"Dobscha, Stephen F Esq",40 Cambridge Ave,Madison,Dane,53715,19,608-967-7194,608-586-6912,jgabisi@hotmail.com,http://www.dobschastephenfesq.com
