Willow,Kusko,U Pull It,90991 Thorburn Ave,New York,10011,25,212-582-4976,212-934-5167,wkusko@yahoo.com,http://www.upullit.com
Alishia,Sergi,Milford Enterprises Inc,2742 Distribution Way,New York,10025,33,212-860-1579,212-753-2740,asergi@gmail.com,http://www.milfordenterprisesinc.com
Jose,Stockham,Tri State Refueler Co,128 Bransten Rd,New York,10011,11,212-675-8570,212-569-4233,jose@yahoo.com,http://www.tristaterefuelerco.com
Brock,Bolognia,Orinda News,4486 W O St #1,New York,10003,55,212-402-9216,212-617-5063,bbolognia@yahoo.com,http://www.orindanews.com
Tawna,Buvens,H H H Enterprises Inc,3305 Nabell Ave #679,New York,10009,25,212-674-9610,212-462-9157,tawna@gmail.com,http://www.hhhenterprisesinc.com
Ozell,Shealy,Silver Bros Inc,8 Industry Ln,New York,10002,8,212-332-8435,212-880-8865,oshealy@hotmail.com,http://www.silverbrosinc.com
Layla,Springe,Chadds Ford Winery,229 N Forty Driv,New York,10011,11,212-260-3151,212-253-7448,layla.springe@cox.net,http://www.chaddsfordwinery.com
Fausto,Agramonte,Marriott Hotels Resorts Suites,5 Harrison Rd,New York,10038,33,212-313-1783,212-778-3063,fausto_agramonte@yahoo.com,http://www.marriotthotelsresortssuites.com
Justine,Mugnolo,Evans Rule Company,38062 E Main St,New York,10048,16,212-304-9225,212-311-6377,jmugnolo@yahoo.com,http://www.evansrulecompany.com
Haydee,Denooyer,Cleaning Station Inc,25346 New Rd,New York,10016,19,212-792-8658,212-782-3493,hdenooyer@denooyer.org,http://www.cleaningstationinc.com
Mirta,Mallett,Stephen Kennerly Archts Inc Pc,7 S San Marcos Rd,New York,10004,25,212-870-1286,212-745-6948,mirta_mallett@gmail.com,http://www.stephenkennerlyarchtsincpc.com
Derick,Dhamer,"Studer, Eugene A Esq",87163 N Main Ave,New York,10013,10,212-304-4515,212-225-9676,ddhamer@cox.net,http://www.studereugeneaesq.com
Cyril,Daufeldt,Galaxy International Inc,3 Lawton St,New York,10013,19,212-745-8484,212-422-5427,cyril_daufeldt@daufeldt.com,http://www.galaxyinternationalinc.com
Jess,Chaffins,New York Public Library,18 3rd Ave,New York,10016,34,212-510-4633,212-428-9538,jess.chaffins@chaffins.org,http://www.newyorkpubliclibrary.com
