Kris,Marrier,"King, Christopher A Esq",228 Runamuck Pl #2808,Baltimore,Baltimore City,21224,25,410-655-8723,410-804-4694,kris@gmail.com,http://www.kingchristopheraesq.com
Ezekiel,Chui,"Sider, Donald C Esq",2 Cedar Ave #84,Easton,Talbot,21601,19,410-669-1642,410-235-8738,ezekiel@chui.com,http://www.siderdonaldcesq.com
Ilene,Eroman,"Robinson, William J Esq",2853 S Central Expy,Glen Burnie,Anne Arundel,21061,55,410-914-9018,410-937-4543,ilene.eroman@hotmail.com,http://www.robinsonwilliamjesq.com
Laurel,Reitler,Q A Service,6 Kains Ave,Baltimore,Baltimore City,21215,15,410-520-4832,410-957-6903,laurel_reitler@reitler.com,http://www.qaservice.com
Glory,Kulzer,Comfort Inn,55892 Jacksonville Rd,Owings Mills,Baltimore,21117,15,410-224-9462,410-916-8015,gkulzer@kulzer.org,http://www.comfortinn.com
Fernanda,Jillson,"Shank, Edward L Esq",60480 Old Us Highway 51,Preston,Caroline,21655,11,410-387-5260,410-724-6472,fjillson@aol.com,http://www.shankedwardlesq.com
Sylvia,Cousey,"Berg, Charles E",287 Youngstown Warren Rd,Hampstead,Carroll,21074,7,410-209-9545,410-863-8263,sylvia_cousey@cousey.org,http://www.bergcharlese.com
Detra,Coyier,Schott Fiber Optics Inc,96950 Hidden Ln,Aberdeen,Harford,21001,34,410-739-9277,410-259-2118,detra@aol.com,http://www.schottfiberopticsinc.com
Reena,Maisto,Lane Promotions,9648 S Main,Salisbury,Wicomico,21801,19,410-351-1863,410-951-2667,reena@hotmail.com,http://www.lanepromotions.com
Loreta,Timenez,"Kaminski, Katherine Andritsaki",47857 Coney Island Ave,Clinton,Prince Georges,20735,10,301-696-6420,301-392-6698,loreta.timenez@hotmail.com,http://www.kaminskikatherineandritsaki.com
Kaitlyn,Ogg,"Garrison, Paul E Esq",2 S Biscayne Blvd,Baltimore,Baltimore City,21230,33,410-665-4903,410-773-3862,kaitlyn.ogg@gmail.com,http://www.garrisonpauleesq.com
Ernest,Syrop,Grant Family Health Center,94 Chase Rd,Hyattsville,Prince Georges,20785,19,301-998-9644,301-257-4883,ernest@cox.net,http://www.grantfamilyhealthcenter.com
Lashaunda,Lizama,Earnhardt Printing,3387 Ryan Dr,Hanover,Anne Arundel,21076,7,410-678-2473,410-912-6032,llizama@cox.net,http://www.earnhardtprinting.com
Elouise,Gwalthney,Quality Inn Northwest,9506 Edgemore Ave,Bladensburg,Prince Georges,20710,21,301-841-5012,301-591-3034,egwalthney@yahoo.com,http://www.qualityinnnorthwest.com
Annelle,Tagala,Vico Products Mfg Co,5 W 7th St,Parkville,Baltimore,21234,11,410-757-1035,410-234-2267,annelle@yahoo.com,http://www.vicoproductsmfgco.com
Eden,Jayson,Harris Corporation,4 Iwaena St,Baltimore,Baltimore City,21202,15,410-890-7866,410-429-4888,eden_jayson@yahoo.com,http://www.harriscorporation.com
Izetta,Dewar,"Lisatoni, Jean Esq",2 W Scyene Rd #3,Baltimore,Baltimore City,21217,15,410-473-1708,410-522-7621,idewar@dewar.com,http://www.lisatonijeanesq.com
