Mitsue,Tollner,Morlong Associates,7 Eads St,Chicago,Cook,60632,15,773-573-6914,773-924-8565,mitsue_tollner@yahoo.com,http://www.morlongassociates.com
Fletcher,Flosi,Post Box Services Plus,394 Manchester Blvd,Rockford,Winnebago,61109,9,815-828-2147,815-426-5657,fletcher.flosi@yahoo.com,http://www.postboxservicesplus.com
Viva,Toelkes,Mark Iv Press Ltd,4284 Dorigo Ln,Chicago,Cook,60647,16,773-446-5569,773-352-3437,viva.toelkes@gmail.com,http://www.markivpressltd.com
Lai,Gato,"Fligg, Kenneth I Jr",37 Alabama Ave,Evanston,Cook,60201,33,847-728-7286,847-957-4614,lai.gato@gato.org,http://www.fliggkennethijr.com
Marti,Maybury,"Eldridge, Kristin K Esq",4 Warehouse Point Rd #7,Chicago,Cook,60638,19,773-775-4522,773-539-1058,marti.maybury@yahoo.com,http://www.eldridgekristinkesq.com
Valentin,Klimek,"Schmid, Gayanne K Esq",137 Pioneer Way,Chicago,Cook,60604,43,312-303-5453,312-512-2338,vklimek@klimek.org,http://www.schmidgayannekesq.com
Jennifer,Fallick,"Nagle, Daniel J Esq",44 58th St,Wheeling,Cook,60090,19,847-979-9545,847-800-3054,jfallick@yahoo.com,http://www.nagledanieljesq.com
Carmela,Cookey,Royal Pontiac Olds Inc,9 Murfreesboro Rd,Chicago,Cook,60623,33,773-494-4195,773-297-9391,ccookey@cookey.org,http://www.royalpontiacoldsinc.com
Daron,Dinos,"Wolf, Warren R Esq",18 Waterloo Geneva Rd,Highland Park,Lake,60035,22,847-233-3075,847-265-6609,daron_dinos@cox.net,http://www.wolfwarrenresq.com
Geoffrey,Acey,Price Business Services,7 West Ave #1,Palatine,Cook,60067,19,847-222-1734,847-556-2909,geoffrey@gmail.com,http://www.pricebusinessservices.com
Weldon,Acuff,Advantage Martgage Company,73 W Barstow Ave,Arlington Heights,Cook,60004,25,847-353-2156,847-613-5866,wacuff@gmail.com,http://www.advantagemartgagecompany.com
Erick,Nievas,"Soward, Anne Esq",45 E Acacia Ct,Chicago,Cook,60624,15,773-704-9903,773-359-6109,erick_nievas@aol.com,http://www.sowardanneesq.com
Nichelle,Meteer,Print Doctor,72 Beechwood Ter,Chicago,Cook,60657,11,773-225-9985,773-857-2231,nichelle_meteer@meteer.com,http://www.printdoctor.com
Cassi,Wildfong,"Cobb, James O Esq",26849 Jefferson Hwy,Rolling Meadows,Cook,60008,34,847-633-3216,847-755-9041,cassi.wildfong@aol.com,http://www.cobbjamesoesq.com
Joni,Breland,Carriage House Cllsn Rpr Inc,35 E Main St #43,Elk Grove Village,Cook,60007,25,847-519-5906,847-740-5304,joni_breland@cox.net,http://www.carriagehousecllsnrprinc.com
