Meaghan,Garufi,"Bolton, Wilbur Esq",69734 E Carrillo St,Mc Minnville,Warren,37110,21,931-313-9635,931-235-7959,meaghan@hotmail.com,http://www.boltonwilburesq.com
Lorrie,Nestle,Ballard Spahr Andrews,39 S 7th St,Tullahoma,Coffee,37388,33,931-875-6644,931-303-6041,lnestle@hotmail.com,http://www.ballardspahrandrews.com
Jesusa,Shin,"Carroccio, A Thomas Esq",2239 Shawnee Mission Pky,Tullahoma,Coffee,37388,15,931-273-8709,931-739-1551,jshin@shin.com,http://www.carroccioathomasesq.com
Audra,Kohnert,"Nelson, Karolyn King Esq",134 Lewis Rd,Nashville,Davidson,37211,33,615-406-7854,615-448-9249,audra@kohnert.com,http://www.nelsonkarolynkingesq.com
Casie,Good,"Papay, Debbie J Esq",5221 Bear Valley Rd,Nashville,Davidson,37211,20,615-390-2251,615-825-4297,casie.good@aol.com,http://www.papaydebbiejesq.com
Linn,Paa,Valerie & Company,1 S Pine St,Memphis,Shelby,38112,15,901-412-4381,901-573-9024,linn_paa@paa.com,http://www.valeriecompany.com
Glenna,Slayton,Toledo Iv Care,2759 Livingston Ave,Memphis,Shelby,38118,33,901-640-9178,901-869-4314,glenna_slayton@cox.net,http://www.toledoivcare.com
Bernardine,Rodefer,Sat Poly Inc,2 W Grand Ave,Memphis,Shelby,38112,33,901-901-4726,901-739-5892,bernardine_rodefer@yahoo.com,http://www.satpolyinc.com
Caprice,Suell,"Egnor, W Dan Esq",90177 N 55th Ave,Nashville,Davidson,37211,15,615-246-1824,615-726-4537,caprice@aol.com,http://www.egnorwdanesq.com
Josphine,Villanueva,Santa Cruz Community Internet,63 Smith Ln #8343,Moss,Clay,38575,55,931-553-9774,931-486-6946,josphine_villanueva@villanueva.com,http://www.santacruzcommunityinternet.com
